Loan_ID,Customer_ID,Branch,Region,Relationship_Manager,Product_Type,Sanction_Amount,Outstanding_Amount,Undrawn_Limit,Limit_Utilization_%,Interest_Rate,Days_Past_Due,SMA_Category,NPA_Flag,Risk_Category,Restructured_Flag,Bounce_Count_Last_6M,Sector,Industry_Subtype,Years_in_Business,Annual_Turnover,Internal_Credit_Rating,Sanction_Date,Disbursement_Date,Reporting_Month
LN00001,CUST0041,Mumbai_Central,North,RM_1,OD,11030239,8242631,2787608,0.75,11.82,14,SMA-0,0,Low,1,5,Trading,Textile,2,281379958,C,28-02-2023,06-03-2023,31-01-2026
LN00002,CUST0166,Kolkata_East,South,RM_6,OD,5326528,4285675,1040853,0.8,13.9,30,SMA-0,0,Low,1,4,Manufacturing,Textile,2,141604517,C,24-02-2020,02-03-2020,31-01-2026
LN00003,CUST0067,Bangalore_South,North,RM_8,CC,8849837,7862541,987296,0.89,10.91,25,SMA-0,0,Low,1,2,Services,FMCG,16,137169334,A,31-08-2022,10-09-2022,31-01-2026
LN00004,CUST0039,Bangalore_South,East,RM_2,Term Loan,8582608,5628480,2954128,0.66,12.18,56,SMA-1,0,Medium,1,1,Services,Pharma,11,399482094,D,28-04-2022,04-05-2022,31-01-2026
LN00005,CUST0081,Bangalore_South,West,RM_1,CC,8883596,5906571,2977025,0.66,12.34,2,SMA-0,0,Low,0,4,Services,Pharma,18,93885263,D,03-05-2020,06-05-2020,31-01-2026
LN00006,CUST0080,Bangalore_South,South,RM_2,Term Loan,5556574,4604634,951940,0.83,11.81,26,SMA-0,0,Low,1,5,Manufacturing,Electronics,16,367048133,B,17-01-2024,25-01-2024,31-01-2026
LN00007,CUST0110,Kolkata_East,North,RM_8,LAP,4412427,2707114,1705313,0.61,9.02,146,NPA,1,High,0,2,Services,Pharma,22,135100691,C,17-04-2023,24-04-2023,31-01-2026
LN00008,CUST0030,Mumbai_Central,West,RM_5,Term Loan,5466203,4661863,804340,0.85,10.24,13,SMA-0,0,Low,0,1,Services,Textile,17,412525472,C,08-09-2020,14-09-2020,31-01-2026
LN00009,CUST0133,Mumbai_Central,South,RM_2,OD,11387387,9375901,2011486,0.82,12.5,18,SMA-0,0,Low,1,5,Trading,Textile,7,246872703,C,15-10-2023,19-10-2023,31-01-2026
LN00010,CUST0184,Delhi_North,East,RM_5,OD,7919175,6740846,1178329,0.85,10.28,19,SMA-0,0,Low,1,2,Manufacturing,Auto Parts,10,171359832,C,25-07-2022,04-08-2022,31-01-2026
LN00011,CUST0090,Kolkata_East,North,RM_3,LAP,3464650,2877445,587205,0.83,13.72,15,SMA-0,0,Low,0,4,Trading,Auto Parts,19,68569259,B,05-01-2024,10-01-2024,31-01-2026
LN00012,CUST0022,Delhi_North,North,RM_7,LAP,6978497,5473652,1504845,0.78,12.73,8,SMA-0,0,Low,0,0,Trading,FMCG,1,366690008,C,21-05-2022,28-05-2022,31-01-2026
LN00013,CUST0139,Kolkata_East,North,RM_3,Term Loan,10235577,8682066,1553511,0.85,13.59,8,SMA-0,0,Low,1,1,Trading,Electronics,2,437889354,D,30-09-2022,06-10-2022,31-01-2026
LN00014,CUST0037,Mumbai_Central,East,RM_8,LAP,12340887,9733036,2607851,0.79,14.05,85,SMA-2,0,High,0,2,Others,Pharma,19,175666257,C,15-05-2023,18-05-2023,31-01-2026
LN00015,CUST0084,Mumbai_Central,North,RM_4,CC,13948635,9999272,3949363,0.72,10.11,23,SMA-0,0,Low,1,1,Others,Pharma,11,55072177,B,26-03-2020,02-04-2020,31-01-2026
LN00016,CUST0192,Bangalore_South,East,RM_10,Term Loan,3691409,3130835,560574,0.85,10.23,14,SMA-0,0,Low,0,1,Manufacturing,FMCG,11,25573983,C,19-08-2020,25-08-2020,31-01-2026
LN00017,CUST0161,Kolkata_East,North,RM_7,Term Loan,13726125,9274526,4451599,0.68,12.44,5,SMA-0,0,Low,0,2,Manufacturing,Auto Parts,17,122835147,B,12-09-2020,14-09-2020,31-01-2026
LN00018,CUST0048,Kolkata_East,South,RM_9,Term Loan,6024686,4374357,1650329,0.73,12.87,23,SMA-0,0,Low,0,2,Manufacturing,Pharma,25,406893230,C,23-04-2021,01-05-2021,31-01-2026
LN00019,CUST0007,Bangalore_South,West,RM_8,CC,7602092,7154709,447383,0.94,12.23,55,SMA-1,0,Medium,0,0,Manufacturing,Auto Parts,8,385127346,A,29-09-2020,05-10-2020,31-01-2026
LN00020,CUST0162,Mumbai_Central,South,RM_6,CC,11313164,9147099,2166065,0.81,14.12,63,SMA-2,0,High,1,3,Others,Auto Parts,8,61159234,B,23-03-2022,02-04-2022,31-01-2026
LN00021,CUST0142,Kolkata_East,East,RM_9,Term Loan,8417343,5705620,2711723,0.68,14.5,46,SMA-1,0,Medium,0,0,Others,Electronics,22,485778564,D,29-05-2020,06-06-2020,31-01-2026
LN00022,CUST0060,Kolkata_East,North,RM_3,LAP,5600419,4182766,1417653,0.75,13.85,30,SMA-0,0,Low,0,3,Trading,FMCG,1,52134123,D,06-01-2023,14-01-2023,31-01-2026
LN00023,CUST0038,Delhi_North,East,RM_6,OD,13465115,8497945,4967170,0.63,9.63,26,SMA-0,0,Low,1,1,Trading,Textile,17,272987670,C,25-10-2023,29-10-2023,31-01-2026
LN00024,CUST0046,Kolkata_East,East,RM_6,Term Loan,2684100,2163951,520149,0.81,12.08,27,SMA-0,0,Low,0,5,Services,Textile,9,340145061,D,19-07-2020,28-07-2020,31-01-2026
LN00025,CUST0184,Kolkata_East,North,RM_3,CC,10853437,7074521,3778916,0.65,11.14,11,SMA-0,0,Low,1,5,Manufacturing,FMCG,19,412038478,C,19-05-2021,25-05-2021,31-01-2026
LN00026,CUST0178,Delhi_North,South,RM_8,LAP,13836484,11734480,2102004,0.85,10.57,11,SMA-0,0,Low,0,5,Manufacturing,Pharma,5,76436285,A,29-08-2022,30-08-2022,31-01-2026
LN00027,CUST0017,Kolkata_East,South,RM_3,LAP,5974017,3601356,2372661,0.6,11.13,13,SMA-0,0,Low,1,3,Services,Electronics,16,265070132,C,10-07-2020,16-07-2020,31-01-2026
LN00028,CUST0120,Mumbai_Central,North,RM_2,Term Loan,11273409,7743878,3529531,0.69,13.56,12,SMA-0,0,Low,0,2,Others,FMCG,10,48916009,B,03-10-2020,05-10-2020,31-01-2026
LN00029,CUST0034,Kolkata_East,North,RM_6,OD,14243532,8757111,5486421,0.61,14.32,29,SMA-0,0,Low,1,5,Others,FMCG,4,94932981,D,11-01-2024,20-01-2024,31-01-2026
LN00030,CUST0187,Delhi_North,North,RM_5,Term Loan,8322647,6083220,2239427,0.73,9.41,7,SMA-0,0,Low,0,1,Manufacturing,Pharma,3,102546497,C,03-11-2023,07-11-2023,31-01-2026
LN00031,CUST0123,Delhi_North,East,RM_6,Term Loan,11298133,7566549,3731584,0.67,12.55,20,SMA-0,0,Low,1,1,Trading,Textile,12,392592960,D,23-02-2021,03-03-2021,31-01-2026
LN00032,CUST0081,Delhi_North,East,RM_2,Term Loan,10253922,8616141,1637781,0.84,10.41,3,SMA-0,0,Low,1,1,Services,FMCG,23,387705957,D,21-03-2021,29-03-2021,31-01-2026
LN00033,CUST0026,Mumbai_Central,North,RM_6,CC,14643502,8999889,5643613,0.61,12.56,27,SMA-0,0,Low,0,3,Others,FMCG,12,445431808,A,14-09-2022,21-09-2022,31-01-2026
LN00034,CUST0118,Mumbai_Central,South,RM_9,Term Loan,6865631,5611322,1254309,0.82,11.13,93,NPA,1,High,1,3,Others,Textile,19,408624164,C,04-11-2020,09-11-2020,31-01-2026
LN00035,CUST0050,Kolkata_East,South,RM_5,Term Loan,4547851,3874101,673750,0.85,13.33,0,SMA-0,0,Low,0,2,Trading,FMCG,12,137831062,A,19-11-2021,26-11-2021,31-01-2026
LN00036,CUST0111,Kolkata_East,West,RM_2,OD,10405731,9193121,1212610,0.88,9.06,5,SMA-0,0,Low,0,3,Services,Pharma,21,207761226,C,03-11-2023,09-11-2023,31-01-2026
LN00037,CUST0055,Delhi_North,West,RM_9,OD,7599500,5877816,1721684,0.77,10.42,19,SMA-0,0,Low,1,2,Trading,Pharma,4,218743023,D,03-07-2021,10-07-2021,31-01-2026
LN00038,CUST0065,Delhi_North,East,RM_10,OD,10133439,9084979,1048460,0.9,10.2,14,SMA-0,0,Low,0,0,Trading,Pharma,22,142090169,B,26-03-2023,31-03-2023,31-01-2026
LN00039,CUST0124,Mumbai_Central,North,RM_7,OD,11311625,9698956,1612669,0.86,13.49,57,SMA-1,0,Medium,0,2,Services,Auto Parts,10,311595473,B,05-03-2020,08-03-2020,31-01-2026
LN00040,CUST0050,Delhi_North,South,RM_2,CC,13888713,11313364,2575349,0.81,13.3,8,SMA-0,0,Low,1,0,Others,Pharma,8,279932587,D,09-06-2021,17-06-2021,31-01-2026
LN00041,CUST0127,Delhi_North,West,RM_1,CC,10071301,7395227,2676074,0.73,12.06,22,SMA-0,0,Low,0,0,Others,Pharma,7,416538035,C,12-05-2022,16-05-2022,31-01-2026
LN00042,CUST0165,Mumbai_Central,South,RM_2,OD,9200177,6312507,2887670,0.69,13,6,SMA-0,0,Low,1,2,Manufacturing,Auto Parts,18,196329533,A,21-07-2020,29-07-2020,31-01-2026
LN00043,CUST0137,Delhi_North,West,RM_5,OD,7503797,4937706,2566091,0.66,11.02,19,SMA-0,0,Low,0,1,Trading,Pharma,3,124403230,A,22-05-2021,01-06-2021,31-01-2026
LN00044,CUST0175,Mumbai_Central,North,RM_6,OD,2952647,2016474,936173,0.68,12.19,13,SMA-0,0,Low,0,2,Services,Textile,21,6663423,C,06-10-2023,14-10-2023,31-01-2026
LN00045,CUST0008,Kolkata_East,West,RM_7,Term Loan,4114459,3111936,1002523,0.76,10.36,21,SMA-0,0,Low,0,4,Services,Auto Parts,24,429222931,A,07-08-2020,15-08-2020,31-01-2026
LN00046,CUST0087,Kolkata_East,West,RM_2,OD,9937419,6698127,3239292,0.67,13.06,21,SMA-0,0,Low,1,0,Services,Auto Parts,20,92676830,D,13-11-2020,21-11-2020,31-01-2026
LN00047,CUST0105,Delhi_North,North,RM_4,Term Loan,2536902,1599007,937895,0.63,14.33,6,SMA-0,0,Low,1,1,Manufacturing,Pharma,22,414639349,C,04-08-2020,10-08-2020,31-01-2026
LN00048,CUST0124,Kolkata_East,West,RM_6,Term Loan,3583959,2255342,1328617,0.63,14.29,8,SMA-0,0,Low,1,2,Manufacturing,Textile,22,303656160,B,18-09-2020,27-09-2020,31-01-2026
LN00049,CUST0115,Delhi_North,South,RM_4,OD,14734880,11325708,3409172,0.77,13.89,19,SMA-0,0,Low,1,1,Services,Textile,13,53343988,B,27-08-2021,31-08-2021,31-01-2026
LN00050,CUST0100,Kolkata_East,South,RM_7,LAP,12157727,8644319,3513408,0.71,12.55,61,SMA-2,0,High,0,4,Trading,Auto Parts,8,114220244,D,15-04-2022,21-04-2022,31-01-2026
LN00051,CUST0150,Mumbai_Central,West,RM_8,CC,12936290,12267228,669062,0.95,9.9,1,SMA-0,0,Low,0,1,Services,Auto Parts,7,376979408,D,24-03-2023,27-03-2023,31-01-2026
LN00052,CUST0173,Bangalore_South,North,RM_10,OD,5222869,4247230,975639,0.81,12.45,25,SMA-0,0,Low,0,4,Services,Pharma,7,247314444,D,24-10-2021,29-10-2021,31-01-2026
LN00053,CUST0129,Delhi_North,North,RM_6,OD,8025305,6879796,1145509,0.86,12.78,12,SMA-0,0,Low,1,2,Manufacturing,FMCG,3,193458477,C,04-06-2023,12-06-2023,31-01-2026
LN00054,CUST0133,Delhi_North,West,RM_8,Term Loan,7008359,5192798,1815561,0.74,11.87,17,SMA-0,0,Low,1,5,Others,Electronics,4,229717324,D,06-09-2021,08-09-2021,31-01-2026
LN00055,CUST0089,Mumbai_Central,West,RM_2,OD,14014751,10029689,3985062,0.72,11.81,5,SMA-0,0,Low,0,4,Manufacturing,Electronics,23,69097794,A,10-11-2020,15-11-2020,31-01-2026
LN00056,CUST0175,Mumbai_Central,North,RM_8,CC,4710015,4299367,410648,0.91,11.17,64,SMA-2,0,High,0,3,Others,Textile,18,252780130,B,05-11-2020,07-11-2020,31-01-2026
LN00057,CUST0062,Delhi_North,North,RM_10,LAP,9512625,5861488,3651137,0.62,13.77,55,SMA-1,0,Medium,1,0,Manufacturing,Auto Parts,2,340472268,D,24-11-2021,30-11-2021,31-01-2026
LN00058,CUST0192,Mumbai_Central,South,RM_8,Term Loan,10044572,8290533,1754039,0.83,11.56,27,SMA-0,0,Low,1,2,Services,Electronics,22,99633435,A,05-01-2020,06-01-2020,31-01-2026
LN00059,CUST0044,Bangalore_South,West,RM_4,CC,6103787,5791783,312004,0.95,11.42,15,SMA-0,0,Low,0,4,Services,FMCG,25,331899349,D,27-07-2023,03-08-2023,31-01-2026
LN00060,CUST0009,Kolkata_East,South,RM_4,CC,4263108,3550695,712413,0.83,11.02,2,SMA-0,0,Low,1,2,Manufacturing,Auto Parts,7,309415072,D,20-01-2022,23-01-2022,31-01-2026
LN00061,CUST0100,Kolkata_East,West,RM_10,LAP,10742218,8954857,1787361,0.83,9.83,21,SMA-0,0,Low,1,3,Manufacturing,Auto Parts,5,492349522,A,06-04-2020,10-04-2020,31-01-2026
LN00062,CUST0075,Bangalore_South,North,RM_9,LAP,5665031,4630566,1034465,0.82,10.87,19,SMA-0,0,Low,0,1,Manufacturing,Textile,1,452685969,B,23-06-2023,01-07-2023,31-01-2026
LN00063,CUST0004,Kolkata_East,South,RM_5,Term Loan,7339577,5697160,1642417,0.78,11.38,163,NPA,1,High,1,3,Others,Electronics,24,60510323,A,07-11-2020,13-11-2020,31-01-2026
LN00064,CUST0080,Mumbai_Central,East,RM_1,Term Loan,12689124,11222297,1466827,0.88,12.28,25,SMA-0,0,Low,1,4,Manufacturing,FMCG,11,139427910,D,29-08-2021,08-09-2021,31-01-2026
LN00065,CUST0064,Bangalore_South,North,RM_8,OD,3043206,2832123,211083,0.93,12.15,6,SMA-0,0,Low,1,1,Others,Electronics,6,428806847,D,31-01-2024,09-02-2024,31-01-2026
LN00066,CUST0043,Mumbai_Central,South,RM_7,Term Loan,3086143,2135036,951107,0.69,10.65,27,SMA-0,0,Low,1,1,Services,Auto Parts,18,491921835,D,17-01-2020,25-01-2020,31-01-2026
LN00067,CUST0051,Kolkata_East,East,RM_2,CC,3722394,2597789,1124605,0.7,11.83,25,SMA-0,0,Low,0,5,Manufacturing,Textile,7,56134431,C,03-03-2022,04-03-2022,31-01-2026
LN00068,CUST0089,Delhi_North,East,RM_5,CC,9288685,7915269,1373416,0.85,9.18,13,SMA-0,0,Low,0,1,Manufacturing,Textile,20,235619005,B,12-12-2022,13-12-2022,31-01-2026
LN00069,CUST0180,Delhi_North,South,RM_5,LAP,2706986,2279105,427881,0.84,10.45,27,SMA-0,0,Low,1,1,Manufacturing,Auto Parts,2,83166586,B,11-08-2021,12-08-2021,31-01-2026
LN00070,CUST0024,Kolkata_East,South,RM_10,Term Loan,12239812,7989407,4250405,0.65,10.11,44,SMA-1,0,Medium,0,0,Services,Pharma,16,354536069,A,18-01-2020,26-01-2020,31-01-2026
LN00071,CUST0037,Kolkata_East,North,RM_4,OD,12752298,12103665,648633,0.95,13.76,30,SMA-0,0,Low,0,4,Services,Auto Parts,6,181108707,B,10-06-2023,12-06-2023,31-01-2026
LN00072,CUST0156,Bangalore_South,West,RM_1,Term Loan,8545916,6932120,1613796,0.81,10.63,3,SMA-0,0,Low,0,0,Others,FMCG,24,469485477,A,14-06-2021,19-06-2021,31-01-2026
LN00073,CUST0150,Delhi_North,West,RM_4,LAP,2187203,1818209,368994,0.83,14.16,10,SMA-0,0,Low,0,0,Manufacturing,Electronics,15,57549454,A,07-02-2020,11-02-2020,31-01-2026
LN00074,CUST0005,Mumbai_Central,South,RM_9,CC,14929873,13622740,1307133,0.91,14.28,27,SMA-0,0,Low,0,1,Services,FMCG,15,211029864,D,15-07-2022,24-07-2022,31-01-2026
LN00075,CUST0176,Kolkata_East,South,RM_3,OD,5946626,4485559,1461067,0.75,13.77,7,SMA-0,0,Low,1,3,Trading,Electronics,18,320823700,B,24-11-2023,25-11-2023,31-01-2026
LN00076,CUST0180,Mumbai_Central,North,RM_7,OD,13675272,8840809,4834463,0.65,10.27,25,SMA-0,0,Low,1,2,Trading,Auto Parts,15,447971807,C,06-09-2023,12-09-2023,31-01-2026
LN00077,CUST0029,Kolkata_East,North,RM_1,OD,13085553,10499966,2585587,0.8,13.7,37,SMA-1,0,Medium,0,3,Others,Electronics,4,199924117,A,03-05-2020,13-05-2020,31-01-2026
LN00078,CUST0121,Delhi_North,West,RM_5,LAP,6298504,5680995,617509,0.9,11.19,2,SMA-0,0,Low,0,1,Trading,Auto Parts,18,219149831,A,29-08-2021,05-09-2021,31-01-2026
LN00079,CUST0198,Kolkata_East,East,RM_7,Term Loan,10912825,9687172,1225653,0.89,10.05,22,SMA-0,0,Low,0,5,Services,Pharma,21,296942853,C,26-03-2021,30-03-2021,31-01-2026
LN00080,CUST0135,Mumbai_Central,South,RM_9,CC,3248858,2219174,1029684,0.68,12.6,16,SMA-0,0,Low,1,5,Manufacturing,Auto Parts,22,43035120,C,02-08-2023,06-08-2023,31-01-2026
LN00081,CUST0197,Delhi_North,West,RM_10,Term Loan,9938247,8881602,1056645,0.89,10.18,30,SMA-0,0,Low,1,2,Services,Textile,10,380572048,B,02-06-2020,07-06-2020,31-01-2026
LN00082,CUST0054,Bangalore_South,West,RM_6,CC,7432328,5236266,2196062,0.7,11.23,19,SMA-0,0,Low,1,1,Services,Auto Parts,12,154696943,A,13-11-2020,16-11-2020,31-01-2026
LN00083,CUST0125,Mumbai_Central,East,RM_7,LAP,14620776,11054208,3566568,0.76,9.59,3,SMA-0,0,Low,1,1,Trading,Textile,1,479321063,D,17-08-2021,23-08-2021,31-01-2026
LN00084,CUST0050,Bangalore_South,East,RM_10,LAP,9696323,7630668,2065655,0.79,13.88,23,SMA-0,0,Low,0,3,Trading,Auto Parts,4,137655073,B,11-11-2020,12-11-2020,31-01-2026
LN00085,CUST0097,Delhi_North,North,RM_3,LAP,12993311,9965254,3028057,0.77,13.9,5,SMA-0,0,Low,0,3,Trading,Pharma,14,491579235,D,29-10-2023,03-11-2023,31-01-2026
LN00086,CUST0060,Delhi_North,South,RM_7,CC,5271605,4456154,815451,0.85,10.09,11,SMA-0,0,Low,0,0,Services,Auto Parts,5,412001190,A,07-04-2022,10-04-2022,31-01-2026
LN00087,CUST0149,Delhi_North,North,RM_10,OD,2723053,2161878,561175,0.79,12.1,43,SMA-1,0,Medium,0,3,Services,FMCG,7,12723725,C,21-09-2021,27-09-2021,31-01-2026
LN00088,CUST0054,Mumbai_Central,South,RM_3,LAP,8249261,7802017,447244,0.95,10.87,26,SMA-0,0,Low,1,4,Others,Electronics,16,14036504,A,13-06-2023,18-06-2023,31-01-2026
LN00089,CUST0091,Mumbai_Central,North,RM_5,LAP,5191299,4428262,763037,0.85,12.24,28,SMA-0,0,Low,1,4,Manufacturing,Auto Parts,16,274981710,A,25-10-2020,02-11-2020,31-01-2026
LN00090,CUST0175,Kolkata_East,West,RM_9,LAP,13662101,12758386,903715,0.93,13.52,11,SMA-0,0,Low,1,1,Services,FMCG,13,23973992,C,24-01-2024,26-01-2024,31-01-2026
LN00091,CUST0138,Kolkata_East,North,RM_8,CC,14858281,12331650,2526631,0.83,9.04,8,SMA-0,0,Low,0,4,Manufacturing,Electronics,17,85883795,D,30-03-2022,03-04-2022,31-01-2026
LN00092,CUST0131,Kolkata_East,West,RM_3,LAP,13572585,11708652,1863933,0.86,12.32,13,SMA-0,0,Low,0,4,Others,Pharma,18,395493068,C,26-12-2021,04-01-2022,31-01-2026
LN00093,CUST0169,Kolkata_East,East,RM_5,LAP,5812280,3947512,1864768,0.68,10.94,24,SMA-0,0,Low,0,0,Manufacturing,Auto Parts,7,19255081,D,12-12-2021,19-12-2021,31-01-2026
LN00094,CUST0038,Delhi_North,North,RM_3,Term Loan,2888986,2362449,526537,0.82,9.36,28,SMA-0,0,Low,0,3,Others,Pharma,19,288157830,D,19-10-2022,20-10-2022,31-01-2026
LN00095,CUST0016,Kolkata_East,South,RM_8,Term Loan,5049711,4468104,581607,0.88,12.18,59,SMA-1,0,Medium,0,0,Trading,Auto Parts,5,285662688,A,23-09-2022,27-09-2022,31-01-2026
LN00096,CUST0137,Kolkata_East,East,RM_4,CC,2607186,1816171,791015,0.7,10.1,8,SMA-0,0,Low,0,3,Manufacturing,Pharma,15,309417597,A,07-05-2020,09-05-2020,31-01-2026
LN00097,CUST0008,Bangalore_South,North,RM_6,Term Loan,10639608,7774118,2865490,0.73,13.89,2,SMA-0,0,Low,0,0,Trading,FMCG,11,335868871,B,03-01-2023,13-01-2023,31-01-2026
LN00098,CUST0180,Bangalore_South,West,RM_9,CC,4519236,4276076,243160,0.95,13.56,5,SMA-0,0,Low,0,0,Trading,Auto Parts,3,449040679,D,02-04-2020,08-04-2020,31-01-2026
LN00099,CUST0192,Bangalore_South,West,RM_7,CC,13873580,12511334,1362246,0.9,11.53,2,SMA-0,0,Low,0,2,Manufacturing,Auto Parts,13,357631069,B,23-11-2023,28-11-2023,31-01-2026
LN00100,CUST0158,Delhi_North,South,RM_2,Term Loan,11705077,8662704,3042373,0.74,9.73,16,SMA-0,0,Low,1,1,Services,Pharma,5,419705885,D,04-05-2022,12-05-2022,31-01-2026
LN00101,CUST0044,Mumbai_Central,West,RM_1,LAP,13240689,9420212,3820477,0.71,9.55,4,SMA-0,0,Low,1,0,Manufacturing,Textile,3,493276064,D,08-11-2020,15-11-2020,31-01-2026
LN00102,CUST0149,Mumbai_Central,West,RM_9,Term Loan,10508912,9945746,563166,0.95,10.45,23,SMA-0,0,Low,1,3,Trading,Pharma,13,94061249,C,26-04-2021,03-05-2021,31-01-2026
LN00103,CUST0061,Kolkata_East,South,RM_7,OD,5952795,4037414,1915381,0.68,9.35,14,SMA-0,0,Low,0,5,Trading,Auto Parts,9,292106333,D,10-08-2023,16-08-2023,31-01-2026
LN00104,CUST0033,Bangalore_South,North,RM_8,CC,13672077,10275951,3396126,0.75,10.9,29,SMA-0,0,Low,1,5,Manufacturing,Pharma,16,250086504,C,31-01-2023,10-02-2023,31-01-2026
LN00105,CUST0050,Kolkata_East,South,RM_4,LAP,8510691,7205698,1304993,0.85,13.91,11,SMA-0,0,Low,0,5,Trading,FMCG,8,380967641,B,29-10-2022,31-10-2022,31-01-2026
LN00106,CUST0084,Mumbai_Central,South,RM_5,Term Loan,11078607,7996975,3081632,0.72,13.53,0,SMA-0,0,Low,0,2,Others,Textile,21,497291461,A,14-01-2023,22-01-2023,31-01-2026
LN00107,CUST0025,Mumbai_Central,West,RM_9,LAP,12449394,10707855,1741539,0.86,12.62,17,SMA-0,0,Low,0,1,Others,FMCG,2,16069811,C,04-08-2023,11-08-2023,31-01-2026
LN00108,CUST0003,Delhi_North,North,RM_9,OD,4043078,2623667,1419411,0.65,10.83,28,SMA-0,0,Low,1,4,Trading,Electronics,8,472840153,D,17-06-2021,21-06-2021,31-01-2026
LN00109,CUST0091,Mumbai_Central,South,RM_9,CC,11258109,7377767,3880342,0.66,10.17,8,SMA-0,0,Low,1,0,Others,Electronics,9,120790152,C,05-01-2020,08-01-2020,31-01-2026
LN00110,CUST0099,Kolkata_East,West,RM_5,Term Loan,2431546,1547437,884109,0.64,9.8,7,SMA-0,0,Low,1,3,Others,Electronics,9,22584210,B,12-06-2021,20-06-2021,31-01-2026
LN00111,CUST0009,Delhi_North,South,RM_4,OD,4244956,3375048,869908,0.8,13.06,16,SMA-0,0,Low,1,1,Trading,Electronics,1,471570779,D,06-01-2023,12-01-2023,31-01-2026
LN00112,CUST0193,Mumbai_Central,South,RM_3,LAP,12796432,10991462,1804970,0.86,14.08,9,SMA-0,0,Low,1,4,Trading,Textile,20,77819163,B,13-08-2022,15-08-2022,31-01-2026
LN00113,CUST0117,Kolkata_East,South,RM_3,OD,4318183,3610382,707801,0.84,11.83,27,SMA-0,0,Low,1,2,Others,Auto Parts,3,55100257,B,03-01-2024,13-01-2024,31-01-2026
LN00114,CUST0187,Bangalore_South,East,RM_6,CC,2575767,2138252,437515,0.83,11.37,21,SMA-0,0,Low,1,2,Manufacturing,Textile,7,496739871,D,14-04-2020,19-04-2020,31-01-2026
LN00115,CUST0054,Mumbai_Central,North,RM_6,OD,12086051,10848699,1237352,0.9,12.89,6,SMA-0,0,Low,0,2,Trading,FMCG,16,441040276,C,20-10-2023,22-10-2023,31-01-2026
LN00116,CUST0159,Bangalore_South,North,RM_6,CC,3538821,2828562,710259,0.8,12.52,19,SMA-0,0,Low,1,2,Manufacturing,Textile,11,313892084,B,10-01-2023,17-01-2023,31-01-2026
LN00117,CUST0172,Mumbai_Central,North,RM_4,CC,11869386,9898810,1970576,0.83,11.54,18,SMA-0,0,Low,0,5,Others,FMCG,19,200615092,A,21-01-2024,24-01-2024,31-01-2026
LN00118,CUST0177,Mumbai_Central,North,RM_3,Term Loan,13198765,10701587,2497178,0.81,11.94,26,SMA-0,0,Low,0,2,Manufacturing,Electronics,9,164179025,C,24-07-2020,31-07-2020,31-01-2026
LN00119,CUST0012,Kolkata_East,West,RM_5,LAP,8568248,7243318,1324930,0.85,14.21,6,SMA-0,0,Low,1,1,Manufacturing,Pharma,13,104915818,C,18-04-2020,19-04-2020,31-01-2026
LN00120,CUST0134,Mumbai_Central,North,RM_5,LAP,10003097,6696540,3306557,0.67,13.21,19,SMA-0,0,Low,1,0,Others,Electronics,12,9384343,C,04-10-2023,09-10-2023,31-01-2026
LN00121,CUST0008,Delhi_North,North,RM_9,OD,9068839,6347044,2721795,0.7,10.1,45,SMA-1,0,Medium,0,2,Manufacturing,FMCG,18,346593449,C,12-05-2021,14-05-2021,31-01-2026
LN00122,CUST0114,Kolkata_East,South,RM_5,OD,11171855,8863505,2308350,0.79,11.9,8,SMA-0,0,Low,0,5,Manufacturing,Electronics,14,19937237,D,25-04-2020,03-05-2020,31-01-2026
LN00123,CUST0015,Kolkata_East,East,RM_1,LAP,7965826,7043385,922441,0.88,13.32,4,SMA-0,0,Low,0,2,Others,Textile,24,123157653,A,27-07-2022,03-08-2022,31-01-2026
LN00124,CUST0141,Bangalore_South,South,RM_3,LAP,12965818,9264361,3701457,0.71,10.63,12,SMA-0,0,Low,1,0,Manufacturing,Textile,14,484272896,C,14-09-2023,15-09-2023,31-01-2026
LN00125,CUST0150,Kolkata_East,South,RM_6,Term Loan,12313041,8848079,3464962,0.72,13.65,25,SMA-0,0,Low,0,4,Trading,Auto Parts,16,305407815,D,16-12-2023,18-12-2023,31-01-2026
LN00126,CUST0001,Kolkata_East,South,RM_8,LAP,5751316,5093371,657945,0.89,13.95,149,NPA,1,High,0,5,Others,FMCG,6,432980686,C,15-03-2020,24-03-2020,31-01-2026
LN00127,CUST0051,Mumbai_Central,South,RM_9,OD,14440496,12775969,1664527,0.88,11.34,30,SMA-0,0,Low,1,2,Services,Pharma,12,234645134,A,19-09-2022,24-09-2022,31-01-2026
LN00128,CUST0057,Delhi_North,South,RM_3,Term Loan,6094016,5149218,944798,0.84,9.58,3,SMA-0,0,Low,1,2,Others,Textile,4,52666031,D,13-09-2022,22-09-2022,31-01-2026
LN00129,CUST0066,Kolkata_East,South,RM_6,OD,2772771,2476796,295975,0.89,10.98,1,SMA-0,0,Low,1,3,Others,Textile,21,399028965,D,13-04-2022,23-04-2022,31-01-2026
LN00130,CUST0133,Bangalore_South,North,RM_1,OD,12935803,11188153,1747650,0.86,9.38,21,SMA-0,0,Low,0,0,Others,FMCG,18,275874074,C,02-03-2020,03-03-2020,31-01-2026
LN00131,CUST0030,Bangalore_South,North,RM_9,Term Loan,10429625,6415109,4014516,0.62,9.03,2,SMA-0,0,Low,1,2,Trading,Auto Parts,5,276575754,D,09-10-2022,16-10-2022,31-01-2026
LN00132,CUST0017,Delhi_North,West,RM_9,Term Loan,8441573,6189336,2252237,0.73,14.33,86,SMA-2,0,High,1,3,Manufacturing,Auto Parts,6,273281979,A,27-04-2021,06-05-2021,31-01-2026
LN00133,CUST0163,Bangalore_South,North,RM_10,LAP,8946106,6713210,2232896,0.75,10.28,29,SMA-0,0,Low,0,5,Others,FMCG,5,79140380,D,13-08-2022,22-08-2022,31-01-2026
LN00134,CUST0179,Delhi_North,North,RM_8,OD,8230537,5493821,2736716,0.67,9.89,19,SMA-0,0,Low,1,0,Manufacturing,Pharma,10,197335069,A,03-10-2023,10-10-2023,31-01-2026
LN00135,CUST0182,Mumbai_Central,South,RM_1,Term Loan,4216508,4003432,213076,0.95,12.28,25,SMA-0,0,Low,1,1,Manufacturing,Pharma,3,305476406,A,04-05-2020,07-05-2020,31-01-2026
LN00136,CUST0052,Bangalore_South,North,RM_2,OD,13662121,9015315,4646806,0.66,9.79,20,SMA-0,0,Low,0,0,Services,Textile,21,355044941,B,02-11-2023,03-11-2023,31-01-2026
LN00137,CUST0125,Kolkata_East,South,RM_7,Term Loan,11133532,8702551,2430981,0.78,13.75,5,SMA-0,0,Low,0,0,Others,Electronics,11,481920573,B,17-08-2022,22-08-2022,31-01-2026
LN00138,CUST0111,Delhi_North,South,RM_1,CC,4763514,4235512,528002,0.89,14.49,23,SMA-0,0,Low,1,1,Trading,Pharma,7,126932913,C,01-12-2021,05-12-2021,31-01-2026
LN00139,CUST0103,Delhi_North,East,RM_4,OD,10354299,8518334,1835965,0.82,12.09,14,SMA-0,0,Low,1,3,Services,Textile,14,260237144,A,09-06-2020,19-06-2020,31-01-2026
LN00140,CUST0125,Mumbai_Central,West,RM_9,LAP,13737709,10582695,3155014,0.77,11.15,24,SMA-0,0,Low,1,2,Others,Auto Parts,13,269928362,D,24-02-2021,25-02-2021,31-01-2026
LN00141,CUST0053,Delhi_North,South,RM_7,LAP,9633456,8258450,1375006,0.86,9.34,22,SMA-0,0,Low,1,0,Trading,Pharma,13,101343412,C,16-05-2023,17-05-2023,31-01-2026
LN00142,CUST0132,Kolkata_East,East,RM_5,Term Loan,10438114,9266047,1172067,0.89,9.47,134,NPA,1,High,1,0,Manufacturing,Electronics,13,281443547,A,18-02-2022,28-02-2022,31-01-2026
LN00143,CUST0036,Kolkata_East,South,RM_7,Term Loan,12742854,10095895,2646959,0.79,11.46,5,SMA-0,0,Low,0,1,Trading,Auto Parts,13,353201622,C,27-04-2021,05-05-2021,31-01-2026
LN00144,CUST0006,Kolkata_East,West,RM_2,OD,2797698,2108960,688738,0.75,14.07,24,SMA-0,0,Low,1,4,Others,Textile,16,410223506,C,04-03-2020,08-03-2020,31-01-2026
LN00145,CUST0063,Bangalore_South,South,RM_5,LAP,6048351,4817989,1230362,0.8,11.64,12,SMA-0,0,Low,1,1,Trading,FMCG,21,172231094,D,17-01-2024,19-01-2024,31-01-2026
LN00146,CUST0051,Kolkata_East,South,RM_6,Term Loan,6643037,5376742,1266295,0.81,11.35,29,SMA-0,0,Low,0,5,Manufacturing,Pharma,24,126358330,C,12-10-2021,19-10-2021,31-01-2026
LN00147,CUST0126,Delhi_North,West,RM_6,CC,13640166,10984365,2655801,0.81,13.36,29,SMA-0,0,Low,1,0,Services,Textile,25,457896319,D,27-08-2023,29-08-2023,31-01-2026
LN00148,CUST0123,Mumbai_Central,North,RM_10,LAP,4995084,4339249,655835,0.87,11.5,5,SMA-0,0,Low,1,3,Trading,Auto Parts,7,119741696,D,07-06-2022,10-06-2022,31-01-2026
LN00149,CUST0173,Bangalore_South,West,RM_1,LAP,6515429,4715821,1799608,0.72,13.11,19,SMA-0,0,Low,0,1,Services,FMCG,18,390956124,D,25-11-2023,29-11-2023,31-01-2026
LN00150,CUST0009,Bangalore_South,North,RM_7,CC,9665733,6255011,3410722,0.65,10.5,50,SMA-1,0,Medium,1,3,Services,Pharma,8,128897753,D,27-03-2021,28-03-2021,31-01-2026
LN00151,CUST0103,Delhi_North,West,RM_1,OD,2549176,2327627,221549,0.91,12.16,21,SMA-0,0,Low,1,3,Trading,Auto Parts,1,137727914,D,14-03-2020,22-03-2020,31-01-2026
LN00152,CUST0135,Delhi_North,East,RM_6,OD,6450710,4515563,1935147,0.7,12.99,19,SMA-0,0,Low,0,0,Others,Pharma,10,198152209,B,19-06-2022,23-06-2022,31-01-2026
LN00153,CUST0029,Mumbai_Central,North,RM_3,OD,4095647,2890019,1205628,0.71,9.9,25,SMA-0,0,Low,0,2,Manufacturing,FMCG,18,119606856,C,27-09-2022,30-09-2022,31-01-2026
LN00154,CUST0010,Bangalore_South,North,RM_9,CC,2392617,1463307,929310,0.61,12.62,40,SMA-1,0,Medium,1,3,Manufacturing,Textile,4,121022333,D,30-12-2021,31-12-2021,31-01-2026
LN00155,CUST0105,Bangalore_South,North,RM_7,CC,2737762,2050233,687529,0.75,14.42,34,SMA-1,0,Medium,0,3,Services,Pharma,8,78997504,B,22-02-2021,02-03-2021,31-01-2026
LN00156,CUST0049,Delhi_North,South,RM_5,CC,10685985,9379614,1306371,0.88,10.73,6,SMA-0,0,Low,0,4,Trading,Pharma,20,495682416,B,12-06-2023,16-06-2023,31-01-2026
LN00157,CUST0152,Kolkata_East,West,RM_5,OD,4704793,3186423,1518370,0.68,10.45,19,SMA-0,0,Low,1,4,Others,FMCG,7,224907018,A,21-01-2022,27-01-2022,31-01-2026
LN00158,CUST0053,Delhi_North,East,RM_10,CC,7729453,6956060,773393,0.9,12.61,19,SMA-0,0,Low,0,3,Trading,Electronics,1,119940850,C,28-03-2022,29-03-2022,31-01-2026
LN00159,CUST0186,Bangalore_South,South,RM_1,CC,7676101,4733886,2942215,0.62,11.93,23,SMA-0,0,Low,0,2,Manufacturing,Auto Parts,14,417677747,A,21-09-2023,22-09-2023,31-01-2026
LN00160,CUST0009,Mumbai_Central,West,RM_6,Term Loan,11152695,9963904,1188791,0.89,12.9,156,NPA,1,High,0,5,Manufacturing,Auto Parts,12,414837238,C,06-12-2023,08-12-2023,31-01-2026
LN00161,CUST0169,Kolkata_East,South,RM_6,CC,6365968,4547062,1818906,0.71,12.27,28,SMA-0,0,Low,0,2,Manufacturing,Electronics,24,167578908,B,05-07-2020,11-07-2020,31-01-2026
LN00162,CUST0189,Bangalore_South,West,RM_6,Term Loan,11432760,8125340,3307420,0.71,12.67,9,SMA-0,0,Low,0,0,Others,Auto Parts,24,380955360,D,14-10-2023,18-10-2023,31-01-2026
LN00163,CUST0053,Delhi_North,South,RM_8,OD,3657349,2593538,1063811,0.71,14.4,29,SMA-0,0,Low,1,3,Trading,Auto Parts,17,219647223,C,20-09-2020,23-09-2020,31-01-2026
LN00164,CUST0187,Mumbai_Central,South,RM_2,OD,8984983,5654992,3329991,0.63,9.04,3,SMA-0,0,Low,1,1,Services,Pharma,4,109908148,B,29-10-2021,30-10-2021,31-01-2026
LN00165,CUST0108,Kolkata_East,South,RM_2,OD,14453211,10533624,3919587,0.73,14.01,29,SMA-0,0,Low,1,4,Trading,Textile,21,480461316,B,11-09-2020,21-09-2020,31-01-2026
LN00166,CUST0103,Kolkata_East,West,RM_7,LAP,7774853,7221363,553490,0.93,13.24,0,SMA-0,0,Low,0,1,Trading,Electronics,4,184699964,A,04-04-2022,09-04-2022,31-01-2026
LN00167,CUST0189,Bangalore_South,South,RM_9,OD,11240037,9137531,2102506,0.81,14.21,7,SMA-0,0,Low,0,5,Services,Pharma,4,139236640,B,24-11-2022,27-11-2022,31-01-2026
LN00168,CUST0057,Delhi_North,West,RM_4,OD,13089966,10957827,2132139,0.84,10.69,18,SMA-0,0,Low,1,0,Trading,Pharma,2,300024573,C,01-07-2023,02-07-2023,31-01-2026
LN00169,CUST0114,Mumbai_Central,North,RM_8,Term Loan,11367093,10051453,1315640,0.88,13.27,11,SMA-0,0,Low,0,4,Others,FMCG,8,457605093,C,08-01-2022,09-01-2022,31-01-2026
LN00170,CUST0056,Delhi_North,South,RM_3,CC,2177314,1385194,792120,0.64,9.63,73,SMA-2,0,High,0,5,Services,Pharma,14,368128376,A,02-01-2024,06-01-2024,31-01-2026
LN00171,CUST0188,Delhi_North,North,RM_5,LAP,6960158,5289339,1670819,0.76,11.71,18,SMA-0,0,Low,1,0,Others,Auto Parts,13,320620468,B,15-09-2020,25-09-2020,31-01-2026
LN00172,CUST0063,Kolkata_East,East,RM_1,Term Loan,5449928,4542352,907576,0.83,10.47,7,SMA-0,0,Low,1,2,Services,Pharma,17,479023179,A,20-07-2022,26-07-2022,31-01-2026
LN00173,CUST0145,Bangalore_South,West,RM_5,Term Loan,7301263,4675839,2625424,0.64,11.27,21,SMA-0,0,Low,0,4,Manufacturing,FMCG,14,336134453,A,29-04-2023,06-05-2023,31-01-2026
LN00174,CUST0036,Delhi_North,North,RM_9,OD,12645787,9504923,3140864,0.75,10.74,22,SMA-0,0,Low,0,2,Services,FMCG,8,319330344,B,12-08-2023,22-08-2023,31-01-2026
LN00175,CUST0038,Bangalore_South,South,RM_3,Term Loan,4179538,2754083,1425455,0.66,9.67,0,SMA-0,0,Low,1,5,Services,Electronics,23,293812257,D,23-09-2023,27-09-2023,31-01-2026
LN00176,CUST0055,Delhi_North,North,RM_8,CC,11110660,9144799,1965861,0.82,11.82,7,SMA-0,0,Low,0,5,Trading,Electronics,5,50991017,A,25-05-2020,31-05-2020,31-01-2026
LN00177,CUST0018,Kolkata_East,West,RM_3,Term Loan,11388818,9128412,2260406,0.8,14.06,60,SMA-1,0,Medium,0,0,Manufacturing,Pharma,3,338848344,D,02-08-2020,08-08-2020,31-01-2026
LN00178,CUST0101,Bangalore_South,West,RM_2,OD,13114067,12257008,857059,0.93,11.68,8,SMA-0,0,Low,0,0,Trading,Electronics,1,424343626,D,12-02-2022,15-02-2022,31-01-2026
LN00179,CUST0018,Kolkata_East,East,RM_10,OD,2138144,1699937,438207,0.8,10.28,28,SMA-0,0,Low,0,4,Others,FMCG,9,486018839,C,03-10-2021,09-10-2021,31-01-2026
LN00180,CUST0050,Bangalore_South,South,RM_8,OD,11503672,8930344,2573328,0.78,12.88,43,SMA-1,0,Medium,1,3,Others,Textile,13,298184539,A,20-02-2023,22-02-2023,31-01-2026
LN00181,CUST0093,Mumbai_Central,South,RM_8,CC,5524991,4179817,1345174,0.76,13.81,14,SMA-0,0,Low,1,3,Services,Textile,22,309362012,C,18-02-2023,25-02-2023,31-01-2026
LN00182,CUST0107,Bangalore_South,South,RM_5,Term Loan,13217262,9517045,3700217,0.72,14.36,18,SMA-0,0,Low,1,4,Manufacturing,Pharma,22,92028025,B,15-02-2023,20-02-2023,31-01-2026
LN00183,CUST0115,Mumbai_Central,South,RM_5,OD,4587824,3962824,625000,0.86,11.76,14,SMA-0,0,Low,0,2,Trading,Textile,6,61289053,A,27-09-2021,05-10-2021,31-01-2026
LN00184,CUST0064,Delhi_North,West,RM_3,LAP,7447577,6631231,816346,0.89,10.22,30,SMA-0,0,Low,1,4,Manufacturing,Auto Parts,9,31997610,C,07-10-2021,15-10-2021,31-01-2026
LN00185,CUST0111,Bangalore_South,East,RM_10,Term Loan,10488827,6992952,3495875,0.67,14.31,22,SMA-0,0,Low,0,4,Manufacturing,Textile,4,118275731,C,17-08-2022,18-08-2022,31-01-2026
LN00186,CUST0197,Bangalore_South,East,RM_6,LAP,2305689,1734029,571660,0.75,12.76,13,SMA-0,0,Low,1,2,Others,Pharma,5,74833487,B,08-01-2021,15-01-2021,31-01-2026
LN00187,CUST0060,Bangalore_South,South,RM_1,Term Loan,10672816,9664989,1007827,0.91,10.97,2,SMA-0,0,Low,0,4,Trading,Auto Parts,23,119792088,A,08-09-2022,13-09-2022,31-01-2026
LN00188,CUST0050,Mumbai_Central,North,RM_4,Term Loan,5101392,3926718,1174674,0.77,12.21,18,SMA-0,0,Low,0,4,Others,Textile,8,452361827,D,04-02-2024,08-02-2024,31-01-2026
LN00189,CUST0061,Mumbai_Central,South,RM_9,Term Loan,12857056,10230121,2626935,0.8,9.22,16,SMA-0,0,Low,1,1,Services,Pharma,7,162952960,A,07-09-2023,17-09-2023,31-01-2026
LN00190,CUST0119,Bangalore_South,East,RM_7,LAP,6287973,4540620,1747353,0.72,9.56,16,SMA-0,0,Low,1,0,Services,FMCG,10,174501269,C,26-10-2022,29-10-2022,31-01-2026
LN00191,CUST0053,Delhi_North,South,RM_3,Term Loan,10313244,8538208,1775036,0.83,9.08,20,SMA-0,0,Low,0,2,Trading,Pharma,11,354694126,C,05-05-2023,06-05-2023,31-01-2026
LN00192,CUST0115,Kolkata_East,South,RM_8,CC,8086814,6838599,1248215,0.85,14.22,61,SMA-2,0,High,1,5,Trading,Pharma,16,390779819,B,14-03-2022,15-03-2022,31-01-2026
LN00193,CUST0048,Delhi_North,East,RM_4,CC,14414334,12656250,1758084,0.88,10.04,27,SMA-0,0,Low,1,0,Trading,Textile,6,251453533,B,11-11-2022,12-11-2022,31-01-2026
LN00194,CUST0010,Bangalore_South,North,RM_4,CC,4710909,3911910,798999,0.83,12.65,54,SMA-1,0,Medium,0,3,Manufacturing,Textile,10,338950223,B,23-07-2021,24-07-2021,31-01-2026
LN00195,CUST0096,Bangalore_South,North,RM_1,LAP,2211720,1547020,664700,0.7,11.06,6,SMA-0,0,Low,1,2,Others,FMCG,23,231332025,B,27-10-2022,29-10-2022,31-01-2026
LN00196,CUST0028,Mumbai_Central,North,RM_9,CC,6190524,5743885,446639,0.93,12.79,19,SMA-0,0,Low,0,1,Services,Pharma,25,65684540,A,14-09-2022,16-09-2022,31-01-2026
LN00197,CUST0135,Bangalore_South,East,RM_2,CC,6391303,5598068,793235,0.88,11.89,12,SMA-0,0,Low,1,5,Others,Pharma,12,398543927,C,08-05-2020,09-05-2020,31-01-2026
LN00198,CUST0117,Delhi_North,South,RM_3,Term Loan,3209537,2987356,222181,0.93,10.37,50,SMA-1,0,Medium,1,0,Others,Electronics,19,118700318,D,25-02-2023,26-02-2023,31-01-2026
LN00199,CUST0115,Delhi_North,West,RM_6,OD,3749249,3547733,201516,0.95,11.63,12,SMA-0,0,Low,1,1,Others,FMCG,21,148974176,C,18-10-2020,21-10-2020,31-01-2026
LN00200,CUST0005,Kolkata_East,North,RM_9,OD,13311826,9357879,3953947,0.7,10.99,33,SMA-1,0,Medium,1,4,Others,Electronics,8,361423233,A,11-01-2020,17-01-2020,31-01-2026
LN00201,CUST0056,Bangalore_South,East,RM_6,CC,9188484,6271015,2917469,0.68,11.28,27,SMA-0,0,Low,1,3,Services,Pharma,18,202528000,B,06-10-2020,12-10-2020,31-01-2026
LN00202,CUST0130,Bangalore_South,East,RM_9,LAP,9063881,5534595,3529286,0.61,9.66,6,SMA-0,0,Low,0,2,Others,FMCG,7,29440551,A,29-01-2020,06-02-2020,31-01-2026
LN00203,CUST0005,Delhi_North,South,RM_10,Term Loan,11926392,9343489,2582903,0.78,14.15,15,SMA-0,0,Low,0,0,Services,Textile,9,251301345,A,14-10-2021,15-10-2021,31-01-2026
LN00204,CUST0004,Kolkata_East,South,RM_2,Term Loan,4338293,4084359,253934,0.94,14.46,27,SMA-0,0,Low,1,4,Services,FMCG,20,94110556,C,15-05-2020,23-05-2020,31-01-2026
LN00205,CUST0070,Delhi_North,East,RM_4,CC,14944621,11198732,3745889,0.75,9.29,5,SMA-0,0,Low,1,3,Services,Pharma,20,315248665,D,31-01-2021,07-02-2021,31-01-2026
LN00206,CUST0072,Kolkata_East,West,RM_1,LAP,14882455,11914536,2967919,0.8,12.21,27,SMA-0,0,Low,0,1,Services,FMCG,21,101726691,B,24-12-2023,02-01-2024,31-01-2026
LN00207,CUST0184,Delhi_North,North,RM_1,OD,11444620,10814298,630322,0.94,11.21,57,SMA-1,0,Medium,0,2,Trading,Electronics,11,370148766,A,07-09-2021,12-09-2021,31-01-2026
LN00208,CUST0064,Kolkata_East,South,RM_5,CC,11133489,9118751,2014738,0.82,9.82,30,SMA-0,0,Low,1,3,Manufacturing,Pharma,24,488892316,B,22-09-2022,28-09-2022,31-01-2026
LN00209,CUST0042,Kolkata_East,North,RM_5,Term Loan,6315858,5716676,599182,0.91,11.56,74,SMA-2,0,High,1,4,Trading,Textile,25,414104475,B,26-09-2023,30-09-2023,31-01-2026
LN00210,CUST0036,Mumbai_Central,West,RM_6,CC,4690226,4154213,536013,0.89,12.47,22,SMA-0,0,Low,1,4,Services,Textile,1,206172365,B,04-01-2020,08-01-2020,31-01-2026
LN00211,CUST0040,Mumbai_Central,North,RM_5,CC,4393190,2800394,1592796,0.64,13.91,20,SMA-0,0,Low,1,3,Manufacturing,Pharma,9,56483823,B,19-07-2022,26-07-2022,31-01-2026
LN00212,CUST0122,Delhi_North,East,RM_8,Term Loan,11861875,10436083,1425792,0.88,12.13,56,SMA-1,0,Medium,1,0,Manufacturing,Pharma,4,452762704,D,07-06-2023,12-06-2023,31-01-2026
LN00213,CUST0188,Bangalore_South,West,RM_2,LAP,6053955,3882298,2171657,0.64,12.43,26,SMA-0,0,Low,1,3,Trading,Auto Parts,13,188542583,B,24-06-2023,27-06-2023,31-01-2026
LN00214,CUST0177,Kolkata_East,North,RM_3,Term Loan,14747831,9174360,5573471,0.62,10.41,25,SMA-0,0,Low,1,5,Others,Electronics,9,318668739,A,09-04-2021,17-04-2021,31-01-2026
LN00215,CUST0166,Delhi_North,East,RM_1,Term Loan,5281303,3884816,1396487,0.74,11.31,9,SMA-0,0,Low,1,2,Trading,Pharma,3,144818615,C,14-10-2021,18-10-2021,31-01-2026
LN00216,CUST0013,Bangalore_South,North,RM_1,Term Loan,13528428,12228774,1299654,0.9,10.32,2,SMA-0,0,Low,0,2,Trading,Pharma,6,438549321,A,16-06-2023,26-06-2023,31-01-2026
LN00217,CUST0119,Kolkata_East,East,RM_7,LAP,7823741,5978424,1845317,0.76,11.38,7,SMA-0,0,Low,0,3,Trading,Electronics,19,163883275,B,19-05-2020,27-05-2020,31-01-2026
LN00218,CUST0097,Mumbai_Central,East,RM_9,CC,12428657,8068060,4360597,0.65,13.57,30,SMA-0,0,Low,1,1,Others,Electronics,18,269519393,C,18-03-2021,21-03-2021,31-01-2026
LN00219,CUST0126,Mumbai_Central,West,RM_3,CC,12346738,10766213,1580525,0.87,10.48,29,SMA-0,0,Low,0,4,Services,Electronics,6,177107287,A,02-06-2021,04-06-2021,31-01-2026
LN00220,CUST0153,Kolkata_East,South,RM_10,CC,8576056,6104755,2471301,0.71,9.02,115,NPA,1,High,0,2,Services,FMCG,24,203303985,D,12-10-2022,20-10-2022,31-01-2026
LN00221,CUST0128,Kolkata_East,West,RM_9,Term Loan,11365867,7313464,4052403,0.64,9.27,12,SMA-0,0,Low,1,1,Others,Textile,7,449555978,C,21-01-2023,25-01-2023,31-01-2026
LN00222,CUST0055,Bangalore_South,East,RM_4,OD,13673460,9172377,4501083,0.67,12.09,22,SMA-0,0,Low,1,0,Trading,Auto Parts,4,349404951,B,09-05-2022,13-05-2022,31-01-2026
LN00223,CUST0109,Delhi_North,East,RM_10,Term Loan,10791362,8008012,2783350,0.74,10.11,26,SMA-0,0,Low,0,3,Others,FMCG,4,87229775,A,27-06-2020,06-07-2020,31-01-2026
LN00224,CUST0076,Delhi_North,East,RM_2,CC,3852068,3232695,619373,0.84,10.46,27,SMA-0,0,Low,0,4,Trading,Electronics,16,493880235,A,18-06-2020,25-06-2020,31-01-2026
LN00225,CUST0135,Delhi_North,East,RM_9,Term Loan,13100774,8068250,5032524,0.62,11.62,28,SMA-0,0,Low,1,4,Services,Electronics,6,390570597,A,12-05-2021,17-05-2021,31-01-2026
LN00226,CUST0048,Kolkata_East,West,RM_3,OD,10496100,8867093,1629007,0.84,12.21,1,SMA-0,0,Low,1,2,Trading,FMCG,23,349440986,C,09-08-2022,19-08-2022,31-01-2026
LN00227,CUST0029,Mumbai_Central,West,RM_9,LAP,2278123,2089135,188988,0.92,10.9,20,SMA-0,0,Low,1,4,Services,Electronics,14,270304535,B,01-08-2020,05-08-2020,31-01-2026
LN00228,CUST0037,Mumbai_Central,West,RM_10,Term Loan,4985188,4271513,713675,0.86,10.13,16,SMA-0,0,Low,1,2,Services,FMCG,5,280360701,D,30-12-2021,03-01-2022,31-01-2026
LN00229,CUST0178,Mumbai_Central,West,RM_8,LAP,13268348,12007975,1260373,0.91,12.36,19,SMA-0,0,Low,1,5,Manufacturing,FMCG,20,491868814,A,02-07-2023,12-07-2023,31-01-2026
LN00230,CUST0015,Delhi_North,North,RM_10,OD,8714483,5458280,3256203,0.63,10.78,21,SMA-0,0,Low,1,3,Services,Pharma,12,169964796,D,14-05-2022,17-05-2022,31-01-2026
LN00231,CUST0092,Delhi_North,North,RM_8,CC,13463714,9707582,3756132,0.72,13.83,9,SMA-0,0,Low,1,0,Manufacturing,Textile,9,90334188,A,03-05-2023,04-05-2023,31-01-2026
LN00232,CUST0132,Mumbai_Central,North,RM_9,LAP,9235552,5821758,3413794,0.63,12.78,20,SMA-0,0,Low,0,5,Others,Electronics,6,210054299,B,07-11-2023,16-11-2023,31-01-2026
LN00233,CUST0179,Bangalore_South,West,RM_7,OD,8368840,6553850,1814990,0.78,12.5,28,SMA-0,0,Low,1,1,Manufacturing,Textile,6,136043853,B,02-10-2020,12-10-2020,31-01-2026
LN00234,CUST0056,Kolkata_East,East,RM_8,LAP,4408524,3260270,1148254,0.74,13.74,1,SMA-0,0,Low,1,2,Manufacturing,Electronics,13,15310892,D,07-05-2021,15-05-2021,31-01-2026
LN00235,CUST0107,Delhi_North,North,RM_4,OD,6308340,5859212,449128,0.93,9.48,30,SMA-0,0,Low,1,1,Others,Textile,9,495166782,A,01-04-2022,05-04-2022,31-01-2026
LN00236,CUST0046,Mumbai_Central,West,RM_7,CC,11654253,9230552,2423701,0.79,10.76,10,SMA-0,0,Low,1,2,Manufacturing,Auto Parts,16,464978329,C,29-08-2021,07-09-2021,31-01-2026
LN00237,CUST0110,Mumbai_Central,East,RM_3,LAP,14491042,10581613,3909429,0.73,13.12,8,SMA-0,0,Low,0,2,Manufacturing,Pharma,10,38644608,C,06-04-2023,10-04-2023,31-01-2026
LN00238,CUST0151,Kolkata_East,South,RM_6,OD,5598235,3693856,1904379,0.66,10.59,31,SMA-1,0,Medium,0,3,Others,Electronics,8,116047722,B,12-02-2020,18-02-2020,31-01-2026
LN00239,CUST0028,Mumbai_Central,West,RM_3,CC,12631029,9757829,2873200,0.77,10.42,88,SMA-2,0,High,1,3,Manufacturing,Textile,9,146810920,D,06-03-2021,11-03-2021,31-01-2026
LN00240,CUST0061,Delhi_North,West,RM_9,OD,8415295,6095890,2319405,0.72,9.52,28,SMA-0,0,Low,0,3,Others,Electronics,10,474181930,B,08-03-2022,11-03-2022,31-01-2026
LN00241,CUST0046,Delhi_North,North,RM_9,CC,11797256,10471275,1325981,0.89,9.43,0,SMA-0,0,Low,1,1,Manufacturing,Textile,21,350864982,D,10-04-2022,11-04-2022,31-01-2026
LN00242,CUST0047,Delhi_North,West,RM_4,Term Loan,9707091,8699274,1007817,0.9,13.2,54,SMA-1,0,Medium,0,0,Manufacturing,Auto Parts,5,499053837,A,07-01-2022,11-01-2022,31-01-2026
LN00243,CUST0192,Mumbai_Central,West,RM_5,Term Loan,13693510,9302039,4391471,0.68,10.29,23,SMA-0,0,Low,1,5,Trading,Auto Parts,8,367227857,C,28-07-2023,31-07-2023,31-01-2026
LN00244,CUST0031,Delhi_North,East,RM_4,CC,9892063,8719133,1172930,0.88,11.09,19,SMA-0,0,Low,1,1,Manufacturing,Electronics,15,406636554,B,15-02-2023,17-02-2023,31-01-2026
LN00245,CUST0022,Mumbai_Central,East,RM_2,Term Loan,11413440,7141132,4272308,0.63,11.72,39,SMA-1,0,Medium,1,3,Manufacturing,Pharma,16,100954398,A,08-01-2020,13-01-2020,31-01-2026
LN00246,CUST0019,Mumbai_Central,East,RM_7,Term Loan,12699890,9111668,3588222,0.72,9.94,19,SMA-0,0,Low,1,3,Manufacturing,Textile,16,469494714,C,14-02-2021,22-02-2021,31-01-2026
LN00247,CUST0127,Delhi_North,South,RM_10,OD,11252542,9298173,1954369,0.83,12.45,12,SMA-0,0,Low,1,0,Trading,Auto Parts,23,191522054,A,06-04-2020,11-04-2020,31-01-2026
LN00248,CUST0178,Delhi_North,East,RM_1,CC,8285995,6041191,2244804,0.73,13.92,27,SMA-0,0,Low,0,0,Manufacturing,Pharma,20,334608563,D,24-04-2020,02-05-2020,31-01-2026
LN00249,CUST0147,Kolkata_East,East,RM_5,LAP,4782949,4357665,425284,0.91,12.28,26,SMA-0,0,Low,0,0,Others,Auto Parts,9,480768368,C,19-03-2020,24-03-2020,31-01-2026
LN00250,CUST0008,Delhi_North,North,RM_2,LAP,8170495,7538818,631677,0.92,11.75,24,SMA-0,0,Low,0,1,Trading,FMCG,23,395119295,C,02-04-2023,07-04-2023,31-01-2026
LN00251,CUST0182,Kolkata_East,East,RM_7,OD,14262788,13458128,804660,0.94,13.38,13,SMA-0,0,Low,0,4,Manufacturing,Auto Parts,12,82927922,B,04-04-2020,06-04-2020,31-01-2026
LN00252,CUST0171,Mumbai_Central,North,RM_4,CC,11512777,8598089,2914688,0.75,13.88,12,SMA-0,0,Low,1,5,Trading,FMCG,7,175536978,B,23-08-2021,26-08-2021,31-01-2026
LN00253,CUST0199,Kolkata_East,East,RM_2,LAP,14216757,8878339,5338418,0.62,9.02,107,NPA,1,High,1,2,Trading,FMCG,2,345257799,B,01-09-2020,06-09-2020,31-01-2026
LN00254,CUST0066,Delhi_North,East,RM_10,OD,14544020,12195469,2348551,0.84,13.98,18,SMA-0,0,Low,1,1,Others,Textile,17,352818011,D,29-07-2021,30-07-2021,31-01-2026
LN00255,CUST0085,Kolkata_East,West,RM_10,CC,11145402,9133878,2011524,0.82,11.12,102,NPA,1,High,1,3,Services,Electronics,2,92002812,B,18-08-2021,20-08-2021,31-01-2026
LN00256,CUST0120,Delhi_North,North,RM_8,Term Loan,2502724,1670353,832371,0.67,13.69,24,SMA-0,0,Low,1,0,Others,Auto Parts,9,180224725,B,31-12-2020,05-01-2021,31-01-2026
LN00257,CUST0006,Delhi_North,North,RM_2,OD,13616851,9728095,3888756,0.71,11.47,8,SMA-0,0,Low,1,5,Manufacturing,Textile,24,275902070,B,03-05-2023,13-05-2023,31-01-2026
LN00258,CUST0086,Kolkata_East,North,RM_9,Term Loan,14155720,12710230,1445490,0.9,9.5,62,SMA-2,0,High,1,2,Services,Textile,5,74225934,C,31-01-2024,09-02-2024,31-01-2026
LN00259,CUST0055,Mumbai_Central,South,RM_5,Term Loan,12370304,9043130,3327174,0.73,12.09,13,SMA-0,0,Low,1,2,Manufacturing,Electronics,2,226488726,C,14-05-2021,15-05-2021,31-01-2026
LN00260,CUST0149,Delhi_North,West,RM_1,LAP,8586046,7727418,858628,0.9,10.96,15,SMA-0,0,Low,0,3,Others,FMCG,13,389324304,D,17-05-2021,21-05-2021,31-01-2026
LN00261,CUST0084,Mumbai_Central,South,RM_9,LAP,11882256,8156617,3725639,0.69,12.96,20,SMA-0,0,Low,1,5,Manufacturing,Pharma,19,353851017,B,17-04-2021,24-04-2021,31-01-2026
LN00262,CUST0134,Kolkata_East,East,RM_2,CC,8564240,7618934,945306,0.89,12.42,15,SMA-0,0,Low,1,1,Services,Pharma,19,329643025,C,02-04-2020,12-04-2020,31-01-2026
LN00263,CUST0112,Mumbai_Central,East,RM_7,Term Loan,2364729,1925727,439002,0.81,12.43,10,SMA-0,0,Low,1,4,Others,Electronics,9,7123436,A,10-04-2020,17-04-2020,31-01-2026
LN00264,CUST0131,Kolkata_East,North,RM_6,OD,14214104,9315097,4899007,0.66,13.9,17,SMA-0,0,Low,0,1,Trading,FMCG,21,386557632,B,27-02-2022,02-03-2022,31-01-2026
LN00265,CUST0039,Delhi_North,South,RM_3,Term Loan,3538935,2171282,1367653,0.61,9.16,5,SMA-0,0,Low,0,2,Trading,FMCG,16,205278026,D,19-02-2022,20-02-2022,31-01-2026
LN00266,CUST0069,Bangalore_South,North,RM_1,Term Loan,14272699,11882024,2390675,0.83,13.83,30,SMA-0,0,Low,0,5,Services,Pharma,18,340556327,A,17-05-2020,20-05-2020,31-01-2026
LN00267,CUST0086,Bangalore_South,South,RM_2,Term Loan,6241026,5525269,715757,0.89,9.77,16,SMA-0,0,Low,0,3,Trading,Auto Parts,9,211519643,B,10-06-2023,16-06-2023,31-01-2026
LN00268,CUST0100,Mumbai_Central,West,RM_3,OD,9786720,8642094,1144626,0.88,11.8,11,SMA-0,0,Low,1,4,Trading,Electronics,23,484683100,D,21-01-2024,23-01-2024,31-01-2026
LN00269,CUST0005,Delhi_North,North,RM_9,OD,7189803,6823325,366478,0.95,9.11,9,SMA-0,0,Low,1,5,Trading,Pharma,1,392886109,B,13-07-2022,21-07-2022,31-01-2026
LN00270,CUST0019,Kolkata_East,West,RM_3,Term Loan,6700406,4669150,2031256,0.7,11.48,3,SMA-0,0,Low,0,5,Services,Auto Parts,5,175898683,C,30-11-2023,01-12-2023,31-01-2026
LN00271,CUST0065,Mumbai_Central,South,RM_5,CC,13963262,9827940,4135322,0.7,12.19,20,SMA-0,0,Low,1,3,Services,Auto Parts,19,68373981,C,07-08-2020,09-08-2020,31-01-2026
LN00272,CUST0094,Mumbai_Central,North,RM_2,CC,10420100,7536988,2883112,0.72,13.18,17,SMA-0,0,Low,0,1,Manufacturing,FMCG,1,143315059,A,30-04-2022,04-05-2022,31-01-2026
LN00273,CUST0175,Kolkata_East,East,RM_3,LAP,6604774,4190347,2414427,0.63,12.56,0,SMA-0,0,Low,1,5,Services,Textile,24,465588453,A,12-01-2022,21-01-2022,31-01-2026
LN00274,CUST0024,Delhi_North,North,RM_10,CC,10110939,8628597,1482342,0.85,11.77,2,SMA-0,0,Low,0,5,Others,Electronics,12,469936343,B,12-07-2020,14-07-2020,31-01-2026
LN00275,CUST0018,Bangalore_South,West,RM_4,OD,4337169,3528936,808233,0.81,14.42,28,SMA-0,0,Low,0,1,Others,Electronics,14,314915960,A,30-10-2021,04-11-2021,31-01-2026
LN00276,CUST0047,Bangalore_South,East,RM_2,LAP,6622064,5452052,1170012,0.82,11.82,16,SMA-0,0,Low,1,5,Others,FMCG,2,188745315,A,14-06-2020,18-06-2020,31-01-2026
LN00277,CUST0184,Delhi_North,North,RM_1,OD,13140523,8984962,4155561,0.68,9.53,30,SMA-0,0,Low,0,5,Others,Pharma,20,277070065,C,02-12-2021,11-12-2021,31-01-2026
LN00278,CUST0157,Mumbai_Central,West,RM_3,OD,12616258,11171808,1444450,0.89,10.64,4,SMA-0,0,Low,0,3,Manufacturing,Pharma,6,425030237,C,15-06-2021,23-06-2021,31-01-2026
LN00279,CUST0172,Mumbai_Central,North,RM_4,CC,5405717,4970593,435124,0.92,9.57,60,SMA-1,0,Medium,1,0,Manufacturing,FMCG,1,372122341,D,21-06-2022,29-06-2022,31-01-2026
LN00280,CUST0084,Bangalore_South,South,RM_1,LAP,7366054,5016090,2349964,0.68,14.4,16,SMA-0,0,Low,0,5,Trading,FMCG,5,424852288,B,20-06-2020,26-06-2020,31-01-2026
LN00281,CUST0144,Delhi_North,South,RM_4,Term Loan,6174186,5801894,372292,0.94,11.77,11,SMA-0,0,Low,1,2,Others,Textile,12,179791588,A,18-11-2020,21-11-2020,31-01-2026
LN00282,CUST0162,Delhi_North,West,RM_3,LAP,5794593,3884650,1909943,0.67,11.45,21,SMA-0,0,Low,0,1,Manufacturing,Pharma,22,340631208,C,03-08-2020,12-08-2020,31-01-2026
LN00283,CUST0028,Delhi_North,North,RM_8,LAP,12562130,11073333,1488797,0.88,9.52,16,SMA-0,0,Low,0,3,Manufacturing,Textile,21,99975192,B,02-01-2020,10-01-2020,31-01-2026
LN00284,CUST0154,Mumbai_Central,East,RM_9,CC,3859883,2830585,1029298,0.73,10.82,29,SMA-0,0,Low,1,5,Services,FMCG,19,264454263,A,19-04-2021,22-04-2021,31-01-2026
LN00285,CUST0112,Kolkata_East,West,RM_9,OD,8003791,7102738,901053,0.89,14.27,1,SMA-0,0,Low,1,5,Manufacturing,Textile,8,423253656,D,03-09-2021,11-09-2021,31-01-2026
LN00286,CUST0078,Delhi_North,West,RM_2,OD,8681635,8193512,488123,0.94,11.6,25,SMA-0,0,Low,0,1,Others,Pharma,25,111991591,D,24-06-2022,25-06-2022,31-01-2026
LN00287,CUST0144,Mumbai_Central,South,RM_6,LAP,9182700,7452003,1730697,0.81,13.58,26,SMA-0,0,Low,0,4,Trading,FMCG,3,129305226,C,14-06-2023,22-06-2023,31-01-2026
LN00288,CUST0098,Kolkata_East,South,RM_3,LAP,7856219,4788984,3067235,0.61,10.97,5,SMA-0,0,Low,1,0,Manufacturing,Pharma,24,232247665,B,11-02-2020,18-02-2020,31-01-2026
LN00289,CUST0041,Delhi_North,West,RM_1,Term Loan,11148267,8698898,2449369,0.78,12.17,14,SMA-0,0,Low,0,5,Others,Textile,22,432304436,B,13-07-2023,15-07-2023,31-01-2026
LN00290,CUST0060,Delhi_North,West,RM_9,CC,8190406,6846679,1343727,0.84,14.34,10,SMA-0,0,Low,0,2,Trading,Auto Parts,22,92017004,B,05-11-2020,14-11-2020,31-01-2026
LN00291,CUST0123,Kolkata_East,South,RM_10,OD,9199585,5614247,3585338,0.61,12.05,17,SMA-0,0,Low,1,3,Services,Textile,4,29288777,A,13-07-2022,15-07-2022,31-01-2026
LN00292,CUST0071,Mumbai_Central,West,RM_5,LAP,13092252,9547994,3544258,0.73,13.56,10,SMA-0,0,Low,1,0,Trading,Pharma,23,321498576,B,05-05-2020,13-05-2020,31-01-2026
LN00293,CUST0013,Bangalore_South,West,RM_3,CC,6624571,4398761,2225810,0.66,12.42,5,SMA-0,0,Low,1,3,Services,Textile,17,225601483,B,01-07-2022,08-07-2022,31-01-2026
LN00294,CUST0166,Delhi_North,West,RM_1,LAP,6661081,5422998,1238083,0.81,10.4,9,SMA-0,0,Low,0,1,Trading,Auto Parts,1,42332679,D,13-05-2022,16-05-2022,31-01-2026
LN00295,CUST0130,Bangalore_South,South,RM_7,OD,13820020,12283540,1536480,0.89,11.04,27,SMA-0,0,Low,0,3,Services,Electronics,8,40309997,A,15-02-2022,19-02-2022,31-01-2026
LN00296,CUST0103,Bangalore_South,South,RM_2,OD,4653119,3045684,1607435,0.65,9.93,27,SMA-0,0,Low,1,2,Others,FMCG,20,488492703,D,16-03-2020,24-03-2020,31-01-2026
LN00297,CUST0095,Kolkata_East,North,RM_6,OD,10462057,7433783,3028274,0.71,9.24,37,SMA-1,0,Medium,0,0,Services,FMCG,9,381816624,D,08-02-2020,13-02-2020,31-01-2026
LN00298,CUST0086,Mumbai_Central,South,RM_5,LAP,4701919,3675554,1026365,0.78,10.06,48,SMA-1,0,Medium,0,4,Others,Textile,23,102905017,D,06-07-2023,12-07-2023,31-01-2026
LN00299,CUST0165,Bangalore_South,East,RM_4,LAP,11461758,8975538,2486220,0.78,14.09,15,SMA-0,0,Low,0,1,Trading,FMCG,15,70170602,A,25-06-2020,30-06-2020,31-01-2026
LN00300,CUST0020,Kolkata_East,South,RM_3,OD,3226284,2554410,671874,0.79,12.1,27,SMA-0,0,Low,1,5,Others,Pharma,6,439706351,D,11-10-2020,12-10-2020,31-01-2026
